<fundacion alto="550" ancho="775" scorm="0">
  <pagina locked="0" id="1">
    <elemento colorFondo="-1" alfaFondo="100" imagen="galeria/fondos/cuadernia/MERCEDES VIRGEN/[_2_]merc.jpg" posy="0" posx="0" tipo="fondo" src="10"/>
    <elemento fondo="vacio" borde="vacio" alto_px="155" ancho_px="307" alto="100" ancho="100" rotation="0" posy="398" posx="450" tipo="texto" src="2"><![CDATA[<TEXTFORMAT LEADING="2"><P ALIGN="LEFT"><FONT FACE="BlackMetalSans" SIZE="36" COLOR="#FFFFFF" LETTERSPACING="0" KERNING="1">NEW WORDS<FONT FACE="Verdana" SIZE="12" COLOR="#0B333C"></FONT></FONT></P></TEXTFORMAT>]]></elemento>
    <elemento fondo="vacio" borde="vacio" alto_px="166" ancho_px="718" alto="100" ancho="100" rotation="0" posy="13" posx="37" tipo="texto" src="2"><![CDATA[<TEXTFORMAT LEADING="2"><P ALIGN="LEFT"><FONT FACE="BlackMetalSans" SIZE="36" COLOR="#FFFFFF" LETTERSPACING="0" KERNING="1">MERCEDS VIRGEN</FONT></P></TEXTFORMAT><TEXTFORMAT LEADING="2"><P ALIGN="LEFT"><FONT FACE="BlackMetalSans" SIZE="36" COLOR="#FFFFFF" LETTERSPACING="0" KERNING="1">SAINT TRAGEDY<FONT FACE="Verdana" SIZE="12" COLOR="#0B333C"></FONT></FONT></P></TEXTFORMAT>]]></elemento>
  </pagina>
  <pagina locked="0" id="1b"/>
  <pagina locked="0" id="2">
    <elemento colorFondo="16777215" alfaFondo="100" imagen="vacio" posy="0" posx="0" tipo="fondo" src="10"/>
    <elemento titulo="C - H - U - R - C - H" imagen="galeria/imagenes/cuadernia/MERCEDES VIRGEN/[_2_]iglesia la merced.jpg" sonido="galeria/sonidos/cuadernia/MERCEDES VIRGEN/[_2_]CHURCH.mp3" alto_px="260" ancho_px="240" alto="209.62" ancho="320" rotation="0" posy="1" posx="3" tipo="audio" src="6"/>
  </pagina>
  <pagina locked="0" id="2b"/>
  <pagina locked="0" id="3">
    <elemento colorFondo="16777215" alfaFondo="100" imagen="vacio" posy="0" posx="0" tipo="fondo" src="10"/>
    <elemento titulo="A  - S - H" imagen="galeria/imagenes/cuadernia/MERCEDES VIRGEN/[_2_]ceniza.jpg" sonido="galeria/sonidos/cuadernia/MERCEDES VIRGEN/[_2_]A-S-H.mp3" alto_px="260" ancho_px="240" alto="210" ancho="321.25" rotation="0" posy="1" posx="-1" tipo="audio" src="6"/>
  </pagina>
  <pagina locked="0" id="3b"/>
  <pagina locked="0" id="4">
    <elemento colorFondo="16777215" alfaFondo="100" imagen="vacio" posy="0" posx="0" tipo="fondo" src="10"/>
    <elemento titulo="E - R - U - P - T" imagen="galeria/imagenes/cuadernia/MERCEDES VIRGEN/[_2_]phyroclastic.jpg" sonido="galeria/sonidos/cuadernia/MERCEDES VIRGEN/[_2_]E-R-U-P-T.mp3" alto_px="260" ancho_px="240" alto="211.16" ancho="320" rotation="0" posy="-1" posx="2" tipo="audio" src="6"/>
  </pagina>
  <pagina locked="0" id="4b"/>
  <pagina locked="0" id="5">
    <elemento colorFondo="16777215" alfaFondo="100" imagen="vacio" posy="0" posx="0" tipo="fondo" src="10"/>
    <elemento titulo="L - A - V - A" imagen="galeria/imagenes/cuadernia/MERCEDES VIRGEN/[_2_]lava.jpg" sonido="galeria/sonidos/cuadernia/MERCEDES VIRGEN/[_2_]L-A-V-A.mp3" alto_px="260" ancho_px="240" alto="210.39" ancho="321.25" rotation="0" posy="1" posx="-1" tipo="audio" src="6"/>
  </pagina>
  <pagina locked="0" id="5b"/>
  <pagina locked="0" id="6">
    <elemento colorFondo="16777215" alfaFondo="100" imagen="vacio" posy="0" posx="0" tipo="fondo" src="10"/>
    <elemento titulo="P- R- O- C- E- S- S- I- O- N" imagen="galeria/imagenes/cuadernia/MERCEDES VIRGEN/[_2_]mercedes virgen.jpg" sonido="galeria/sonidos/cuadernia/MERCEDES VIRGEN/[_2_]P-R-O-C-E-S-S-I-O-N.mp3" alto_px="260" ancho_px="240" alto="210" ancho="321.25" rotation="0" posy="2" posx="1" tipo="audio" src="6"/>
  </pagina>
  <pagina locked="0" id="6b"/>
  <pagina locked="0" id="7">
    <elemento colorFondo="16777215" alfaFondo="100" imagen="vacio" posy="0" posx="0" tipo="fondo" src="10"/>
    <elemento titulo="V- I - R - G - E - N" imagen="galeria/imagenes/cuadernia/MERCEDES VIRGEN/[_2_]mercdes virgen.png" sonido="galeria/sonidos/cuadernia/MERCEDES VIRGEN/[_2_]V-I-R-G-E-N-.mp3" alto_px="260" ancho_px="240" alto="211.16" ancho="322.09" rotation="0" posy="-1" posx="-2" tipo="audio" src="6"/>
  </pagina>
  <pagina locked="0" id="7b"/>
  <pagina locked="0" id="8">
    <elemento colorFondo="16777215" alfaFondo="100" imagen="vacio" posy="0" posx="0" tipo="fondo" src="10"/>
    <elemento titulo="V - A - L - L - E - Y" imagen="galeria/imagenes/cuadernia/MERCEDES VIRGEN/[_2_]highlad.jpg" sonido="galeria/sonidos/cuadernia/MERCEDES VIRGEN/[_2_]V-A-L-L-E-Y.mp3" alto_px="260" ancho_px="240" alto="209.62" ancho="321.25" rotation="0" posy="2" posx="0" tipo="audio" src="6"/>
  </pagina>
  <pagina locked="0" id="8b"/>
  <pagina locked="0" id="9">
    <elemento colorFondo="16777215" alfaFondo="100" imagen="vacio" posy="0" posx="0" tipo="fondo" src="10"/>
    <elemento titulo="P - R - A - Y" imagen="galeria/imagenes/cuadernia/MERCEDES VIRGEN/[_2_]rezar.jpg" sonido="galeria/sonidos/cuadernia/MERCEDES VIRGEN/[_2_]P - R -A -Y.mp3" alto_px="260" ancho_px="240" alto="209.62" ancho="320.84" rotation="0" posy="3" posx="-2" tipo="audio" src="6"/>
  </pagina>
  <pagina locked="0" id="9b"/>
  <pagina locked="0" id="10">
    <elemento colorFondo="16777215" alfaFondo="100" imagen="vacio" posy="0" posx="0" tipo="fondo" src="10"/>
    <elemento titulo="M - O - O - N" imagen="galeria/imagenes/cuadernia/MERCEDES VIRGEN/[_2_]COTOPAXI Y LUNA.jpg" sonido="galeria/sonidos/cuadernia/MERCEDES VIRGEN/[_2_]M-O-O-N.mp3" alto_px="260" ancho_px="240" alto="210.39" ancho="320.84" rotation="0" posy="2" posx="2" tipo="audio" src="6"/>
  </pagina>
  <pagina locked="0" id="10b"/>
  <pagina locked="0" id="11">
    <elemento colorFondo="16777215" alfaFondo="100" imagen="vacio" posy="0" posx="0" tipo="fondo" src="10"/>
    <elemento titulo="C - O - N - E" imagen="galeria/imagenes/cuadernia/MERCEDES VIRGEN/[_2_]crater.jpg" sonido="galeria/sonidos/cuadernia/MERCEDES VIRGEN/[_2_]C - O - N -E.mp3" alto_px="260" ancho_px="240" alto="210.77" ancho="320.42" rotation="0" posy="0" posx="2" tipo="audio" src="6"/>
  </pagina>
</fundacion>